<?xml version="1.0" encoding="UTF-8"?>
<project-private xmlns="http://www.netbeans.org/ns/project-private/1">
    <editor-bookmarks xmlns="http://www.netbeans.org/ns/editor-bookmarks/2" lastBookmarkId="0"/>
    <open-files xmlns="http://www.netbeans.org/ns/projectui-open-files/2">
        <group>
            <file>file:/C:/Users/HP/Documents/NetBeansProjects/F2T-interface/workspace_F2T0/tablet_thermoV2/src/main/Main.java</file>
            <file>file:/C:/Users/HP/Documents/NetBeansProjects/F2T-interface/workspace_F2T0/tablet_thermoV2/src/main/SoundSource.java</file>
            <file>file:/C:/Users/HP/Documents/NetBeansProjects/F2T-interface/workspace_F2T0/tablet_thermoV2/src/display/DisplaySourcePanel.java</file>
        </group>
    </open-files>
</project-private>
